<?xml version="1.0" encoding="UTF-8"?>
<mapping>
	<customer>
		<fields>
			<field>
				<name>FirstName</name>
				<datatype>TextField</datatype>
				<source>FirstName</source>
			</field>
			<field>
				<name>LastName</name>
				<datatype>TextField</datatype>
				<source>FirstName</source>
			</field>
			<field>
				<name>Email</name>
				<datatype>TextField</datatype>
				<source>Email</source>
			</field>
		</fields>
	</customer>
	<collections>
		<collection>
			<name>Address</name>
			<source>CustomerAddress</source>
			<fields>
				<field>
					<name>AdressLine1</name>
					<datatype>TextField</datatype>
					<source>AdressLine1</source>
				</field>
				<field>
					<name>AdressLine2</name>
					<datatype>TextField</datatype>
					<source>AdressLine2</source>
				</field>
				<field>
					<name>PostalCode</name>
					<datatype>TextField</datatype>
					<source>PostalCode</source>
				</field>
				<field>
					<name>City</name>
					<datatype>TextField</datatype>
					<source>City</source>
				</field>
				<field>
					<name>County</name>
					<datatype>TextField</datatype>
					<source>County</source>
				</field>
			</fields>
		</collection>
		<collection>
			<name>PurchaseOrder</name>
			<source>PurchaseOrder</source>
			<fields>
				<field>
					<name>Total</name>
					<datatype>DecimalField</datatype>
					<source>Total</source>
				</field>
			</fields>
		</collection>
		<collection>
			<name>OrderForm</name>
			<source>OrderForm</source>
			<fields>
				<field>
					<name>DiscountTotal</name>
					<datatype>DecimalField</datatype>
					<source>DiscountTotal</source>
				</field>
			</fields>
		</collection>
		<collection>
			<name>LineItem</name>
			<source>LineItem</source>
			<fields>
				<field>
					<name>DisplayName</name>
					<datatype>TextField</datatype>
					<source>DisplayName</source>
				</field>
				<field>
					<name>Quantity</name>
					<datatype>IntField</datatype>
					<source>Quantity</source>
				</field>
			</fields>
		</collection>
	</collections>
</mapping>
