<?xml version="1.0" encoding="utf-8"?>
<install version="1.5" type="plugin" group="system" method="upgrade">
	<name>System - RSForm! Pro Copernica</name>
	<author>Peter Ruiter</author>
	<creationDate>May 2012</creationDate>
	<copyright>Copyright (C) 2012 www.comrads.nl. All rights reserved.</copyright>
	<license>GNU General Public License</license>
	<authorEmail>p.ruiter@comrads.nl</authorEmail>
	<authorUrl>comrads.nl</authorUrl>
	<version>1.0.0</version>
	<description>RSFP_COPERNICA_DESC</description>
	<languages>
		<language tag="en-GB">en-GB.plg_system_rsfpcopernica.ini</language>
	</languages>
	<files>
		<filename plugin="rsfpcopernica">rsfpcopernica.php</filename>
	</files>
</install>